{"_runtime":39.816173454,"validation_accuracy":0.48780926675663516,"_wandb":{"runtime":40},"_step":20,"epoch":20,"loss":1.07130876045044,"_timestamp":1.7439119390331187e+09}