{"validation_accuracy":0.6029689608636977,"_wandb":{"runtime":33},"_timestamp":1.7439116041248913e+09,"_runtime":32.647816371,"_step":20,"epoch":20,"loss":0.915832527300588}