{"_step":17,"epoch":18,"_wandb":{"runtime":36},"loss":1.008447900727862,"_timestamp":1.743913210570882e+09,"_runtime":35.55473141}