{"_wandb":{"runtime":37},"_timestamp":1.7439135506774619e+09,"_runtime":36.794156149,"_step":18,"epoch":19,"loss":1.008237461083796}