{"_step":128,"epoch":128,"validation_accuracy":0.554565901934323,"_wandb":{"runtime":241},"loss":0.9875193656420336,"_timestamp":1.743912720796105e+09,"_runtime":240.916322835}