{"loss":0.9369291681091769,"_timestamp":1.7439134587432978e+09,"_runtime":242.924645458,"_step":127,"_wandb":{"runtime":243},"epoch":128}