{"epoch":20,"loss":0.9271946002654389,"validation_accuracy":0.5771479982006298,"_wandb":{"runtime":38},"_timestamp":1.7439120693861563e+09,"_runtime":38.033415128,"_step":20}