{"validation_accuracy":0.3721097615834458,"_wandb":{"runtime":40},"epoch":20,"loss":1.0541416992716006,"_timestamp":1.743912016832472e+09,"_runtime":40.026512712,"_step":20}