{"_runtime":208.700744361,"_step":128,"epoch":128,"validation_accuracy":0.5811066126855601,"_wandb":{"runtime":209},"loss":0.9458555079469295,"_timestamp":1.7439137647067518e+09}