{"_timestamp":1.743962570093362e+09,"_runtime":208.732442689,"_step":128,"validation_accuracy":0.5549257759784075,"_wandb":{"runtime":209},"epoch":128,"loss":0.9860299414942046}