{"loss":1.0097651174000768,"_timestamp":1.743912421938134e+09,"_runtime":39.199429824,"_step":20,"epoch":20,"validation_accuracy":0.5448493027440395,"_wandb":{"runtime":39}}